<?xml version="1.0" encoding="UTF-8"?>
<!--Sample XML file generated by XMLSpy v2017 sp1 (http://www.altova.com)-->
<Comprobante xmlns:xsi="http://www.w3.org/2001/XMLSchema-instance" Version="3.3" Serie="a" Folio="1201" Fecha="2010-01-01T00:00:00" FormaPago="01" CondicionesDePago="a" SubTotal="0" Descuento="0" Moneda="MXN" TipoCambio="1" Total="0" TipoDeComprobante="I" MetodoPago="PUE" LugarExpedicion="77500" xsi:noNamespaceSchemaLocation="https://facturador.zendesk.com/hc/es/articles/115002595691-XSD-Emision-3-3/XML_Dotnet_3.3.xsd">
	<CfdiRelacionados TipoRelacion="01">
		<CfdiRelacionado UUID="00000000-0000-0000-0000-000000000000"/>
	</CfdiRelacionados>
	<Emisor Rfc="GOYA780416GM0" RegimenFiscal="612"/>
	<Receptor Rfc="LAN7008173R5" Nombre="a" UsoCFDI="G01">
		<Domicilio Calle="a" NoExterior="a" NoInterior="a" Colonia="a" Localidad="a" Referencia="a" Municipio="a" Estado="a" Pais="a" CodigoPostal="00000"/>
	</Receptor>
	<Conceptos>
		<Concepto ClaveProdServ="01010101" NoIdentificacion="a" Cantidad="10" ClaveUnidad="18" Unidad="a" Descripcion="a" ValorUnitario="0" Importe="0" Descuento="0">
			<instEducativas nombreAlumno="Manuel Perez" CURP="BADD110313HCMLNS09" nivelEducativo="Primaria" autRVOE="PEFHS821923KSDJ823"/>
			<ImpuestosLocales>
				<ImpuestoLocal Tipo="retencion" nombre="a" Tasa="0" Importe="123.00"/>
			</ImpuestosLocales>
			<Impuestos>
				<Impuesto TipoImpuesto="TRASLADO" Base="0.160000" Impuesto="001" TipoFactor="Tasa" TasaOCuota="0" Importe="0"/>
			</Impuestos>
		</Concepto>
	</Conceptos>
	<AddendaFE TipoCFD="a" NoComprobante="a" InformacionExtra="a" Correos="a"/>
</Comprobante>
